phone num,book version
9000000001,/v4/
9000000002,/v4/
9000000003,/v4/
9000000004,/v4/
9000000005,/v4/
9000000006,/v4/
9000000007,/v4/
9000000008,/v4/
9000000009,/v4/
9000000010,/v4/
9000000011,/v4/
9000000012,/v4/
9000000013,/v4/
9000000014,/v4/
9000000015,/v4/
9000000016,/v4/
9000000017,/v4/
9000000018,/v4/
9000000019,/v4/
9000000020,/v4/
9000000021,/v4/
9000000022,/v4/
9000000023,/v4/
9000000024,/v4/
9000000025,/v4/
9000000026,/v4/
9000000027,/v4/
9000000028,/v4/
9000000029,/v4/
9000000030,/v4/
9000000031,/v4/
9000000032,/v4/
9000000033,/v4/
9000000034,/v4/
9000000035,/v4/
9000000036,/v4/
9000000037,/v4/
9000000038,/v4/
9000000039,/v4/
9000000040,/v4/
9000000041,/v3/
9000000042,/v3/
9000000043,/v3/
9000000044,/v3/
9000000045,/v3/
9000000046,/v3/
9000000047,/v3/
9000000048,/v3/
9000000049,/v3/
9000000050,/v3/
9000000051,/v3/
9000000052,/v3/
9000000053,/v3/
9000000054,/v3/
9000000055,/v3/
9000000056,/v3/
9000000057,/v3/
9000000058,/v3/
9000000059,/v3/
9000000060,/v3/
9000000061,/v3/
9000000062,/v3/
9000000063,/v3/
9000000064,/v3/
9000000065,/v3/
9000000066,/v3/
9000000067,/v3/
9000000068,/v3/
9000000069,/v3/
9000000070,/v3/
9000000071,/v3/
9000000072,/v3/
9000000073,/v3/
9000000074,/v3/
9000000075,/v3/
9000000076,/v3/
9000000077,/v3/
9000000078,/v3/
9000000079,/v3/
9000000080,/v3/
9000000081,/v3/
9000000082,/v3/
9000000083,/v3/
9000000084,/v3/
9000000085,/v3/
9000000086,/v3/
9000000087,/v3/
9000000088,/v3/
9000000089,/v3/
9000000090,/v3/
9000000091,/v3/
9000000092,/v3/
9000000093,/v3/
9000000094,/v3/
9000000095,/v3/
9000000096,/v3/
9000000097,/v3/
9000000098,/v3/
9000000099,/v3/
9000000100,/v3/
